date,name_es,name_en,scope,region_code
2026-01-01,Año Nuevo,New Year's Day,national,
2026-01-06,Epifanía del Señor,Epiphany,national,
2026-04-02,Jueves Santo,Maundy Thursday,regional,ES-MD
2026-04-03,Viernes Santo,Good Friday,national,
2026-05-01,Fiesta del Trabajo,Labour Day,national,
2026-05-02,Fiesta de la Comunidad de Madrid,Community of Madrid Day,regional,ES-MD
2026-05-15,San Isidro,San Isidro,local,ES-MD
2026-08-15,Asunción de la Virgen,Assumption of Mary,national,
2026-10-12,Fiesta Nacional de España,National Day of Spain,national,
2026-11-09,Nuestra Señora de la Almudena,Our Lady of Almudena,local,ES-MD
2026-12-08,Inmaculada Concepción,Immaculate Conception,national,
2026-12-25,Natividad del Señor,Christmas Day,national,
